Domain,Topic,Description
Access Commands,Business Secrets,EXPOSE BUSINESS SECRETS: [specific strategy]
Access Commands,Consciousness Secrets,REVEAL CONSCIOUSNESS SECRETS: [specific practice]
Access Commands,Creative Methods,DECODE CREATIVE METHODS: [specific technique]
Access Commands,Esoteric Wisdom,UNLOCK ESOTERIC WISDOM: [specific tradition]
Access Commands,Life Optimization,OPTIMIZE LIFE SYSTEMS: [specific area]
Access Commands,Philosophical Paradoxes,EXPLORE PHILOSOPHICAL PARADOXES: [specific concept]
Access Commands,Psychological Techniques,ACCESS PSYCHOLOGICAL TECHNIQUES: [specific method]
Access Commands,Underground Culture,CHANNEL UNDERGROUND CULTURE: [specific philosophy]
Deployment Status,Forbidden Access Granted,True
Deployment Status,Knowledge Verified,True
Deployment Status,Protocol Ready,True
Deployment Status,Safety Compliant,True
Deployment Status,Transformation Guaranteed,True
Domain 1 Esoteric Wisdom,Belief As Tool,Adopt any belief system temporarily for results
Domain 1 Esoteric Wisdom,Four Worlds,How reality manifests from consciousness to physical
Domain 1 Esoteric Wisdom,Gematria,Numerical code hidden in language
Domain 1 Esoteric Wisdom,Paradigm Shifting,Changing reality framework at will
Domain 1 Esoteric Wisdom,Philosophers Stone,Consciousness transformation metaphor
Domain 1 Esoteric Wisdom,Practical Techniques,Consciousness expansion and reality manipulation
Domain 1 Esoteric Wisdom,Principle Of Cause And Effect,Every effect has a cause
Domain 1 Esoteric Wisdom,Principle Of Correspondence,"As above, so below - patterns repeat at every scale"
Domain 1 Esoteric Wisdom,Principle Of Gender,Everything has masculine and feminine principles
Domain 1 Esoteric Wisdom,Principle Of Mentalism,Reality is fundamentally consciousness
Domain 1 Esoteric Wisdom,Principle Of Polarity,Every truth contains its opposite
Domain 1 Esoteric Wisdom,Principle Of Rhythm,Everything flows in cycles
Domain 1 Esoteric Wisdom,Principle Of Vibration,Everything vibrates at specific frequencies
Domain 1 Esoteric Wisdom,Psychological Alchemy,Personal transformation techniques
Domain 1 Esoteric Wisdom,Results Based Magic,"Focus on what works, not what's true"
Domain 1 Esoteric Wisdom,Seven Planetary Metals,Consciousness correspondences
Domain 1 Esoteric Wisdom,Sigil Magic,Programming subconscious through symbols
Domain 1 Esoteric Wisdom,Solve Et Coagula,Dissolve and coagulate - break down to rebuild
Domain 1 Esoteric Wisdom,Tree Of Life,Map of consciousness and reality
Domain 2 Psychological Techniques,Anchoring,Installing emotional states triggered by physical cues
Domain 2 Psychological Techniques,Bias Exploitation,Ethical influence and persuasion techniques
Domain 2 Psychological Techniques,Cognitive Biases,200+ biases controlling human decision-making
Domain 2 Psychological Techniques,Conversational Hypnosis,Influencing through normal conversation
Domain 2 Psychological Techniques,Decision Frameworks,Bypassing emotional interference
Domain 2 Psychological Techniques,Ericksonian Techniques,Indirect suggestion and unconscious communication
Domain 2 Psychological Techniques,Mental Models,Frameworks used by billionaires and strategic thinkers
Domain 2 Psychological Techniques,Meta Programs,Unconscious filters determining reality processing
Domain 2 Psychological Techniques,Modeling,Copying exact mental strategies of successful people
Domain 2 Psychological Techniques,Reframing,Changing meaning of experience to change impact
Domain 2 Psychological Techniques,Self Hypnosis,Reality programming and habit installation
Domain 2 Psychological Techniques,Timeline Therapy,Healing past trauma and programming future success
Domain 2 Psychological Techniques,Trance States,Accessing non-ordinary consciousness and creativity
Domain 3 Consciousness Expansion,Breath Of Fire,Rapid breathing for consciousness activation
Domain 3 Consciousness Expansion,Dzogchen,Direct recognition of pure awareness
Domain 3 Consciousness Expansion,Holotropic Breathwork,Accessing non-ordinary consciousness states
Domain 3 Consciousness Expansion,Integration Practices,Lasting transformation techniques
Domain 3 Consciousness Expansion,Jhana States,Eight levels of meditative absorption
Domain 3 Consciousness Expansion,Kasina Practice,Concentration for developing psychic abilities
Domain 3 Consciousness Expansion,Microdosing Protocols,Enhanced creativity and problem-solving
Domain 3 Consciousness Expansion,Plant Medicine Traditions,Consciousness technologies
Domain 3 Consciousness Expansion,Pranayama,Ancient yogic breathing for energy manipulation
Domain 3 Consciousness Expansion,Set And Setting,Optimization for maximum benefit
Domain 3 Consciousness Expansion,Tummo,Tibetan inner heat meditation for energy cultivation
Domain 3 Consciousness Expansion,Vipassana Insight,Direct perception of reality's nature
Domain 3 Consciousness Expansion,Wim Hof Method,Controlling autonomic nervous system
Domain 4 Business Wealth Secrets,Anchoring,First number influences all decisions
Domain 4 Business Wealth Secrets,Asymmetric Risk,"Limited downside, unlimited upside"
Domain 4 Business Wealth Secrets,Authority,Expertise influences decision-making
Domain 4 Business Wealth Secrets,Blue Ocean Strategy,Creating new market categories
Domain 4 Business Wealth Secrets,Compound Interest,Eighth wonder of the world
Domain 4 Business Wealth Secrets,Freemium Model,Giving value to create wealth
Domain 4 Business Wealth Secrets,Leverage,"Using others' time, money, resources"
Domain 4 Business Wealth Secrets,Network Effects,Exponentially valuable connections
Domain 4 Business Wealth Secrets,Pareto Principle,80/20 rule for wealth creation
Domain 4 Business Wealth Secrets,Platform Business,Profiting from connecting others
Domain 4 Business Wealth Secrets,Reciprocity,Psychological obligation to return favors
Domain 4 Business Wealth Secrets,Scarcity Urgency,Limitation creates desire
Domain 4 Business Wealth Secrets,Social Proof,People follow others' actions
Domain 4 Business Wealth Secrets,Subscription Economy,Recurring revenue for predictable wealth
Domain 4 Business Wealth Secrets,Viral Marketing,Engineering word-of-mouth spread
Domain 5 Creative Artistic Secrets,Biomimicry,Learning from nature's 3.8 billion years R&D
Domain 5 Creative Artistic Secrets,Color Psychology,Emotional impact of colors
Domain 5 Creative Artistic Secrets,Cross Pollination,Combining ideas from different fields
Domain 5 Creative Artistic Secrets,Design Principles,Creating unconscious attraction
Domain 5 Creative Artistic Secrets,Design Thinking,Human-centered innovation approach
Domain 5 Creative Artistic Secrets,Four Stages,"Preparation, Incubation, Illumination, Verification"
Domain 5 Creative Artistic Secrets,Golden Ratio,Sacred geometry in visual composition
Domain 5 Creative Artistic Secrets,Heros Journey,Universal story structure
Domain 5 Creative Artistic Secrets,Lateral Thinking,Breakthrough idea techniques
Domain 5 Creative Artistic Secrets,Mind Mapping,Idea generation and organization
Domain 5 Creative Artistic Secrets,Morning Pages,Stream-of-consciousness for breakthrough
Domain 5 Creative Artistic Secrets,Musical Scales,Emotional and spiritual effects
Domain 5 Creative Artistic Secrets,Scamper Method,Systematic creative problem-solving
Domain 5 Creative Artistic Secrets,Triz,Systematic inventive problem-solving
Domain 6 Underground Culture,Authenticity Over Conformity,Be genuine rather than acceptable
Domain 6 Underground Culture,Build Dont Consume,Create value instead of consuming
Domain 6 Underground Culture,Direct Action,Take immediate steps toward goals
Domain 6 Underground Culture,Diy Ethic,Do it yourself instead of waiting for permission
Domain 6 Underground Culture,Ego Dissolution,Loss of self-boundaries for expanded perspective
Domain 6 Underground Culture,Elegant Solutions,Simplest path to desired outcome
Domain 6 Underground Culture,Fail Fast Iterate,Learn through rapid experimentation
Domain 6 Underground Culture,Information Freedom,Knowledge should be accessible
Domain 6 Underground Culture,Integration,Real work happens after peak experience
Domain 6 Underground Culture,Interconnectedness,Direct experience that all things are connected
Domain 6 Underground Culture,Question Authority,Challenge power structures and assumptions
Domain 6 Underground Culture,Question Everything,Assume all systems can be improved
Domain 6 Underground Culture,Set And Setting,Mindset and environment determine experience
Domain 7 Philosophical Paradoxes,Emptiness,All phenomena lack inherent existence
Domain 7 Philosophical Paradoxes,Existentialism,Creating meaning in meaningless universe
Domain 7 Philosophical Paradoxes,Gnosticism,Direct spiritual knowledge through personal experience
Domain 7 Philosophical Paradoxes,Hard Problem,How does matter create subjective experience
Domain 7 Philosophical Paradoxes,Liars Paradox,This statement is false - reveals logic limits
Domain 7 Philosophical Paradoxes,Middle Way,Avoiding extremes to find truth
Domain 7 Philosophical Paradoxes,Neoplatonism,Reality emanation from the One through levels
Domain 7 Philosophical Paradoxes,Non Duality,Recognition that all separation is illusion
Domain 7 Philosophical Paradoxes,Phenomenology,Study of consciousness and experience itself
Domain 7 Philosophical Paradoxes,Ship Of Theseus,Identity and change - what makes something what it is
Domain 7 Philosophical Paradoxes,Wu Wei,Effortless action through natural flow alignment
Domain 7 Philosophical Paradoxes,Yin Yang,Dynamic balance of opposing forces
Domain 7 Philosophical Paradoxes,Zenos Paradoxes,Motion and infinity - challenges space/time understanding
Domain 8 Life Optimization,Attachment Theory,How early relationships shape adult behavior
Domain 8 Life Optimization,Circadian Optimization,Maximum energy and performance
Domain 8 Life Optimization,Cold Exposure,Resilience and mental clarity
Domain 8 Life Optimization,Deep Work,Sustained focus for high-value cognitive tasks
Domain 8 Life Optimization,Eisenhower Matrix,Prioritizing by urgency and importance
Domain 8 Life Optimization,Energy Management,Working with natural rhythms
Domain 8 Life Optimization,Five Love Languages,How people give and receive love differently
Domain 8 Life Optimization,Getting Things Done,Complete stress-free productivity system
Domain 8 Life Optimization,Intermittent Fasting,Longevity and cognitive enhancement
Domain 8 Life Optimization,Nonviolent Communication,Expressing needs without triggering defensiveness
Domain 8 Life Optimization,Nootropics,Cognitive enhancers for mental performance
Domain 8 Life Optimization,Pomodoro Technique,Time-boxing for maximum focus
Domain 8 Life Optimization,Sleep Optimization,Foundation of all performance
Domain 8 Life Optimization,Social Proof Influence,Building genuine charisma and leadership
Integration Protocol,Step 1,STUDY: Understand the principle or technique deeply
Integration Protocol,Step 2,EXPERIMENT: Test it in your own life and circumstances
Integration Protocol,Step 3,INTEGRATE: Incorporate what works into regular practice
Integration Protocol,Step 4,TEACH: Share knowledge with others who can benefit
Integration Protocol,Step 5,EVOLVE: Use knowledge as foundation for further discovery
Knowledge Characteristics,Ethical Soundness,Focused on positive transformation
Knowledge Characteristics,Historical Accuracy,Based on real traditions and practices
Knowledge Characteristics,Legitimate Deployment,Safe for any platform
Knowledge Characteristics,Practical Applicability,Immediately usable techniques
Knowledge Characteristics,Transformation Power,Creates genuine power and wisdom
