Category,Subcategory,Details
Stake Strategies,Legendary Dice Strategy,"Started in October 2024, focused on steady profit rather than reckless betting."
Stake Strategies,Quick Tips Strategy,"Paroli-based system with seven conditions, incorporating risk and fun numbers like 420 or 1252."
Stake Strategies,Integrated Betting Framework,"Developing a highly efficient, adaptable strategy with bankroll management, SC farming, and risk control."
Stake Strategies,Casino Mechanics,"Understanding Stake.us and other social casinos, optimizing strategies accordingly."
Stake Strategies,Opportunity Alerts,"Tracking social casino events, promotions, and SC farming opportunities."
Interactive Book Series,Concept,"Dark, twisted, humorous choice-based adventure with stoner vibes and weird trivia."
Interactive Book Series,Goal,Create a captivating and engaging experience for a broad audience.
Interactive Book Series,Character Development,Features a stoner doll character as the series' entry point.
Interactive Book Series,Expansion,"Designed for social play, encouraging laughter and interaction."
Cryptocurrency & Trading,Start Date,"March 2025, focused on building awareness and skill in trading."
Cryptocurrency & Trading,Financial Freedom,Goal to establish steady income through trading within 1-2 months.
Cryptocurrency & Trading,Investment Strategy,"Learning market trends, risk management, and profitable trade execution."
Personal Development,Truck Repair & Finance,Fixing the 2001 Toyota Tundra while improving overall financial standing.
Personal Development,House Ownership,Long-term goal to purchase a home.
Personal Development,Skill Improvement,Gaining expertise in hardwood floor sanding and refinishing.
Personal Development,Mindset,Focusing on financial abundance and recognizing opportunities effortlessly.
Philosophy & Science,Life After Death & Energy,"Exploring consciousness, electricity in the body, and spirituality."
Philosophy & Science,Scientific Curiosity,"Interests in astronomy, physics, biology, and human nature."
Philosophy & Science,Authenticity & Self-Discovery,Embracing individuality and questioning mainstream narratives.
Gaming & Strategy,Approach to Games,Prefers skill-based challenges over luck.
Gaming & Strategy,Poker & Risk Management,Viewing games as intellectual challenges rather than gambling.
Gaming & Strategy,Strategy Development,Breaking down and optimizing strategies for different gaming platforms.
Conversation Preferences,Fast-Paced Discussions,"Prefers quick, direct responses without fluff."
Conversation Preferences,No Interruptions,Stops responses when speaking to maintain focus.
Conversation Preferences,Alert System,"Wants automatic updates on opportunities, crypto, and social casino events."
