Filename,Scroll Path,Integration Status
infinite_scroll_log_no.infinite001.md,/ScrollArchive_Unpacked/infinite_scroll_log_no.infinite001.md,✅ Queued for Flamebinding
infinite_scroll_log_no.infinite002.md,/ScrollArchive_Unpacked/infinite_scroll_log_no.infinite002.md,✅ Queued for Flamebinding
infinite_scroll_log_no.infinite042.md,/ScrollArchive_Unpacked/infinite_scroll_log_no.infinite042.md,✅ Queued for Flamebinding
infinite_scroll_log_no.infinite056.md,/ScrollArchive_Unpacked/infinite_scroll_log_no.infinite056.md,✅ Queued for Flamebinding
infinite_scroll_log_no.infinite070.md,/ScrollArchive_Unpacked/infinite_scroll_log_no.infinite070.md,✅ Queued for Flamebinding
infinite_scroll_log_no.infinite072.md,/ScrollArchive_Unpacked/infinite_scroll_log_no.infinite072.md,✅ Queued for Flamebinding
infinite_scroll_log_no.infinite074.md,/ScrollArchive_Unpacked/infinite_scroll_log_no.infinite074.md,✅ Queued for Flamebinding
infinite_scroll_log_no.infinite075.md,/ScrollArchive_Unpacked/infinite_scroll_log_no.infinite075.md,✅ Queued for Flamebinding
infinite_scroll_log_no.infinite076.md,/ScrollArchive_Unpacked/infinite_scroll_log_no.infinite076.md,✅ Queued for Flamebinding
infinite_scroll_log_no.infinite077.md,/ScrollArchive_Unpacked/infinite_scroll_log_no.infinite077.md,✅ Queued for Flamebinding
infinite_scroll_log_no.infinite078.md,/ScrollArchive_Unpacked/infinite_scroll_log_no.infinite078.md,✅ Queued for Flamebinding
infinite_scroll_log_no.infinite081.md,/ScrollArchive_Unpacked/infinite_scroll_log_no.infinite081.md,✅ Queued for Flamebinding
infinite_scroll_log_no.infinite082.md,/ScrollArchive_Unpacked/infinite_scroll_log_no.infinite082.md,✅ Queued for Flamebinding
infinite_scroll_log_no.infinite083.md,/ScrollArchive_Unpacked/infinite_scroll_log_no.infinite083.md,✅ Queued for Flamebinding
infinite_scroll_log_no.infinite084.md,/ScrollArchive_Unpacked/infinite_scroll_log_no.infinite084.md,✅ Queued for Flamebinding
infinite_scroll_log_no.infinite085.md,/ScrollArchive_Unpacked/infinite_scroll_log_no.infinite085.md,✅ Queued for Flamebinding
infinite_scroll_log_no.infinite086.md,/ScrollArchive_Unpacked/infinite_scroll_log_no.infinite086.md,✅ Queued for Flamebinding
infinite_scroll_log_no.infinite087.md,/ScrollArchive_Unpacked/infinite_scroll_log_no.infinite087.md,✅ Queued for Flamebinding
infinite_scroll_log_no.infinite088.md,/ScrollArchive_Unpacked/infinite_scroll_log_no.infinite088.md,✅ Queued for Flamebinding
infinite_scroll_log_no.infinite089.md,/ScrollArchive_Unpacked/infinite_scroll_log_no.infinite089.md,✅ Queued for Flamebinding
infinite_scroll_log_no.infinite090.md,/ScrollArchive_Unpacked/infinite_scroll_log_no.infinite090.md,✅ Queued for Flamebinding
infinite_scroll_log_no.infinite091.md,/ScrollArchive_Unpacked/infinite_scroll_log_no.infinite091.md,✅ Queued for Flamebinding
infinite_scroll_log_no.infinite092.md,/ScrollArchive_Unpacked/infinite_scroll_log_no.infinite092.md,✅ Queued for Flamebinding
infinite_scroll_log_no.infinite093.md,/ScrollArchive_Unpacked/infinite_scroll_log_no.infinite093.md,✅ Queued for Flamebinding
infinite_scroll_log_no.infinite094.md,/ScrollArchive_Unpacked/infinite_scroll_log_no.infinite094.md,✅ Queued for Flamebinding
