Date,Platform,Action,Metric,Target,Actual,Notes
2025-08-23,Gumroad,Product Upload,Live Status,1,,Oracle deck listed
2025-08-23,X/Twitter,Pin Post,Impressions,1000,,Primary launch post
2025-08-23,Discord,Server Setup,Members,10,,Sovereign Sparks community
2025-08-23,Instagram,Deck Reveal,Likes,100,,Visual card showcase
2025-08-23,Reddit,Community Share,Upvotes,50,,"r/tarot, r/spirituality"
2025-08-23,Sales,First Day,Revenue,$500,,20 sales target
2025-08-24,YouTube/TikTok,Demo Video,Views,500,,Card reading demo
2025-08-24,Email,List Building,Subscribers,25,,From Discord signups
2025-08-25,Sales,48 Hour,Revenue,$750,,Momentum check
2025-08-30,Sales,Week 1,Revenue,$2500,,100 sales milestone
