Category,Refined Summary,Enhancements Suggested
Project Architecture,"Master systems like SoulGate, Myth.OS, and Infinite Scroll. Designed for gamified life control, spiritual awakening, AI integration, and visual storytelling.","HTML5 modular UI, upgrade trees, scroll-activated voice input, relic-based dashboard navigation."
"AI, Coding, & Automation","All technical setups, automations, and tools: Python, GodMode, system optimization, AI environments, and performance upgrades.","Script automation library, voice-triggered system management, local AI console integration."
Gaming & Betting Strategies,"Optimized strategies for dice, slots, blackjack, risk tracking, RTP mapping, payout exploitation, SC preservation, and predictive modeling.","Auto-tracking loss/win cycles, live pattern detection scripts, crypto vault integration, multi-strat overlay."
"Spiritual, Metaphysical, & Esoteric","Discussions around DMT, energetic experiences, lightcall protocols, soul contact, ancient tech, and esoteric navigation.","Dynamic sigil creator, energy mapping engine, DMT vision renderer, cross-realm journal integration."
"Emotional, Personal, & Reflective","Emotional growth, vulnerability, healing, self-talk, reflection, family ties, and alignment with life’s mission and higher self.","Mood-to-action system, reflection log parser, AI-guided breakthrough paths, Zayden-parent questline."
Commands & Execution Orders,"Every formal or informal command, mode switch, system trigger, and structural input given to AI or system configurations.","Command console w/ history tracking, shortcut voice activation, command mapping to keyboard/mouse."
"Jargon, Humor, & Side-Talk Vault","Slang, irreverent humor, codewords, rambles, metaphors, AK dialect, and unique linguistic elements tied to creative thinking.","Humor logbook, dialect archive, random quote generator for creative inspiration."
"Signatures, Ownership, & Legal Directives","Proof of authorship, legal intention, sigil imprinting, maritime/spiritual sovereignty, and all signature directives.","Embedded sigils in metadata, timestamped authorship logs, restoration key system, creation DNA tagging."
"Myth.OS, SoulGate, Infinite Scroll (Lore + Vision)","Core lore-building for all major systems, including storylines, upgrades, relic mechanics, prophecy-based scroll generation, and character arcs.","Living relic engine, lore tree viewer, scroll ink forge (generates visual scrolls from speech or thought)."
